Abner,Ab
Abraham,Abe,Abey,Abie
Alan,Al,Allie
Albert,Al,Allie,Bertie
Alex,Al
Alexander,Al,Alec,Aleck,Lex,Sandy,Sawney,Xan
Alfred,Al,Alf,Alfie,Alfy,Allie,Ally,Fred
Alfonso,Alf,Alfie,Alfy
Alistair,Allie
Alvin,Allie
Al,Allie,Ally
Andrew,Andy
Anthony,Ant,Tony
Archibald,Archie
Arthur,Arfie,Art,Artie,Arty
Arnold,Arnie
Augustus,Augie,Gus
Barnabas,Barney
Barnaby,Barney
Bernard,Barney,Bernie
Barnett,Barney
Bartholomew,Bart,Batt
Barry,Baz,Bazza
Basil,Baz,Bazza
Benjamin,Ben,Benji,Benjie,Benjy,Bennie,Benny
Benedict,Ben
Bertram,Bertie
William,Bill,Billy,Willie,Willy
Robert,Bob,Bobbie,Bobby,Rabbie,Rob,Robby
Bradley,Brad
Bradly,Brad
Bradford,Brad
Brian,Bri
Ambrose,Brose
Caleb,Cal
Calum,Cal
Calvin,Cal
Chauncey,Chance
Charles,Charley,Charlie,Chas,Chip,Chuck
Charlotte,Charlie
Charlene,Charlie
Christopher,Chip,Chris,Christie,Kit
Christian,Chris
Clement,Clem
Clifford,Cliff
Nicholas,Coll,Nick,Nicky
Conor,Con
Cornelius,Con
Curtis,Curt
Kurt,Curt
Cyril,Cy,Dan
Cyrus,Cy,Dan
Danny,Dani,Dannie
Daniel,Dani,Danny
David,Dave,Davey,Davie,Davo,Davy
Derek,Del
Dennis,Den,Denny
Denis,Denny
Desmond,Des
Richard,Dick,Dickey,Dickie,Dickon,Dicky,Hick,Rich,Richie,Rick,Rickey,Ricki,Rickie,Ricky
Dick,Dickie
Dominic,Dom,Don
Donald,Donnie,Donny
Don,Donnie,Donny
Donovan,Donny
Douglas,Doug,Dougie,Drew
Edward,Ed,Eddie,Eddy,Elsie,Ned,Teddie,Teddy
Edgar,Ed,Eddie,Eddy,Elsie
Edwin,Ed,Eddie,Eddy,Elsie
Ed,Eddie,Eddy,Elsie
Ernest,Ernie
Francis,Fran,Frank
Frederick,Fred,Freddie,Freddy
Wilfred,Fred,Wilf
Gabriel,Gabby,Gabe
Gavin,Gav
Eugene,Gene
Geoffrey,Geoff
George,Geordie,Georgie
Gerald,Gerry
Gerard,Gerry
Gregory,Greg,Gregg
Gregor,Greg
Greig,Greg
Gustav,Gus
Henry,Hal,Hank,Harry
Harold,Hal,Harry
Harry,Hal
Herbert,Herb,Herbie
Howard,Howie
Hugh,Huey,Hughie
Isaac,Ike
Jason,Jace,Jack,Jay
Jack,Jackie,Jacky,Jak
John,Jackie,Jacky,Johnnie,Johnny
James,Jamie,Jay,Jem,Jerry,Jim,Jimbo,Jimi,Jimmie,Jimmy
Jedidiah,Jed
Jeffrey,Jeff
Jeffery,Jeff
Jeremy,Jem,Jerry,Jez
Jeremiah,Jem,Jerry
Jesse,Jess
Jimmy,Jimi
Jim,Jimmy
Joe,Jo,Jody,Joey
Joseph,Jo,Jody,Joe,Joey
Johannes,Joh
Jonathan,Jon,Jonty
Joshua,Josh
Kenneth,Ken,Kenny
Kevin,Kev
Lafayette,Lafe
Laurence,Larry,Laurie,Law
Lawrence,Larry,Lawrie
Popular,Larry
Leo,Lee
Leroy,Lee
Leonard,Len,Lenny
Lester,Les
Leslie,Les
Alonzo,Lonnie
Louis,Lou,Louie,Mac
Max,Mack,Maxie,Maxy
Emmanuel,Mannie
Martin,Marty
Marvin,Marv
Matthew,Mat,Matt,Matty
Melvin,Mel,Merv
Melvyn,Mel,Merv
Michael,Mick,Mickey,Micky,Mike
Mike,Mickey,Micky
Mick,Mickey,Micky
Moses,Moe
Maurice,Moe,Mossie
Moshe,Moishy
Montgomery,Monty
Montague,Monty
Mortimer,Mort
Morton,Mort
Fernando,Nando
Nathaniel,Nat,Nate
Nathanael,Nat,Nate
Nathan,Nate
Oliver,Ollie
Patrick,Pat,Patsy
Peregrine,Perry
Peter,Pete
Philip,Phil
Robbie,Rabbie
Ray,Rae
Randall,Randy
Randolph,Randy
Raymond,Ray
Reginald,Reg,Reggie
Ricardo,Rick
Ricky,Rickey,Ricki
Rickie,Ricki
Rocco,Rocky
Roger,Rog
Ronald,Ron,Ronnie,Ronny
Hebrew,Ron,Ron
Song,Ron
Joy,Ron
Ronnie,Ronny
Reuben,Rube
Rudolph,Rudy
Samuel,Sal,Sam,Sammie,Sammy
Salvador,Sal
Samson,Sam
Also,Sam
Scots,Sawney
Scott,Scottie,Scotty
Sebastian,Seb
Shlomo,Shloime
Simon,Si,Sim
Sidney,Sid
Sydney,Sid,Syd
Siddhartha,Sid
Siddharth,Sid
Simeon,Sim
Solomon,Sol
Spencer,Spence
Stanley,Stan
Sometimes,Stan
Stanislaw,Stan
Stanislas,Stan
Stanislav,Stan
Stephen,Steenie,Steve,Stevie
Steven,Steve,Stevie
Stewart,Stew,Stewie
Stuart,Stu
Thaddeus,Tad,Thad
Thaddaeus,Tad,Thad
Theodore,Teddie,Teddy
Teddy,Teddie
Terence,Terry
Timothy,Tim,Timmy
Timon,Tim
Thomas,Tom,Tommy
Tyrone,Ty
Tyler,Ty
Tyson,Ty
Tyron,Ty
Valentine,Val,Van
Valerius,Val,Van
Victor,Vic
Vincent,Vin,Vince,Vinnie
Walter,Wally,Walt
Wallace,Wally
Wesley,Wes
Winston,Winnie
Woodrow,Woody
Zachariah,Zack,Zak
Zachary,Zack,Zak
Ezekiel,Zeke
